---MARCA---

INSERT INTO marca (id,estatus,fechacreacion,nombre) VALUES 
 (1,'Activo','2017-03-20 16:47:25.517','MARCA'),
 (2,'Activo','2017-03-20 16:47:25.517','AGRALE'),
 (3,'Activo','2017-03-20 16:47:25.517','ALFA ROMEO'),
 (4,'Activo','2017-03-20 16:47:25.517','AUDI'),
 (5,'Activo','2017-03-20 16:47:25.517','BMW'),
 (6,'Activo','2017-03-20 16:47:25.517','CHERY'),
 (7,'Activo','2017-03-20 16:47:25.517','CHEVROLET'),
 (8,'Activo','2017-03-20 16:47:25.517','CHRYSLER'),
 (9,'Activo','2017-03-20 16:47:25.517','CITROEN'),
 (10,'Activo','2017-03-20 16:47:25.517','DACIA'),
 (11,'Activo','2017-03-20 16:47:25.517','DAEWO'),
 (12,'Activo','2017-03-20 16:47:25.517','DAIHATSU'),
 (13,'Activo','2017-03-20 16:47:25.517','DODGE'),
 (14,'Activo','2017-03-20 16:47:25.517','FERRARI'),
 (15,'Activo','2017-03-20 16:47:25.517','FIAT'),
 (16,'Activo','2017-03-20 16:47:25.517','FORD'),
 (17,'Activo','2017-03-20 16:47:25.517','GALLOPER'),
 (18,'Activo','2017-03-20 16:47:25.517','HEIBAO'),
 (19,'Activo','2017-03-20 16:47:25.517','HONDA'),
 (20,'Activo','2017-03-20 16:47:25.517','HYUNDAI'),
 (21,'Activo','2017-03-20 16:47:25.517','ISUZU'),
 (22,'Activo','2017-03-20 16:47:25.517','JAGUAR'),
 (23,'Activo','2017-03-20 16:47:25.517','JEEP'),
 (24,'Activo','2017-03-20 16:47:25.517','KIA'),
 (25,'Activo','2017-03-20 16:47:25.517','LADA'),
 (26,'Activo','2017-03-20 16:47:25.517','LAND ROVER'),
 (27,'Activo','2017-03-20 16:47:25.517','LEXUS'),
 (28,'Activo','2017-03-20 16:47:25.517','MASERATI'),
 (29,'Activo','2017-03-20 16:47:25.517','MAZDA'),
 (30,'Activo','2017-03-20 16:47:25.517','MERCEDES BENZ'),
 (31,'Activo','2017-03-20 16:47:25.517','MG'),
 (32,'Activo','2017-03-20 16:47:25.517','MINI'),
 (33,'Activo','2017-03-20 16:47:25.517','MITSUBISHI'),
 (34,'Activo','2017-03-20 16:47:25.517','NISSAN'),
 (35,'Activo','2017-03-20 16:47:25.517','PEUGEOT'),
 (36,'Activo','2017-03-20 16:47:25.517','PORSCHE'),
 (37,'Activo','2017-03-20 16:47:25.517','RAM'),
 (38,'Activo','2017-03-20 16:47:25.517','RENAULT'),
 (39,'Activo','2017-03-20 16:47:25.517','ROVER'),
 (40,'Activo','2017-03-20 16:47:25.517','SAAB'),
 (41,'Activo','2017-03-20 16:47:25.517','SEAT'),
 (42,'Activo','2017-03-20 16:47:25.517','SMART'),
 (43,'Activo','2017-03-20 16:47:25.517','SSANGYONG'),
 (44,'Activo','2017-03-20 16:47:25.517','SUBARU'),
 (45,'Activo','2017-03-20 16:47:25.517','SUZUKI'),
 (46,'Activo','2017-03-20 16:47:25.517','TATA'),
 (47,'Activo','2017-03-20 16:47:25.517','TOYOTA'),
 (48,'Activo','2017-03-20 16:47:25.517','VOLKSWAGEN'),
 (49,'Activo','2017-03-20 16:47:25.517','VOLVO');

---MODELO---

INSERT INTO modelo (id,estatus,nombre,idmarca) VALUES 
 (1,'Activo','MODELO',1),
 (2,'Activo','MARRUA',2),
 (3,'Activo','147',3),
 (4,'Activo','156',3),
 (5,'Activo','159',3),
 (6,'Activo','166',3),
 (7,'Activo','BRERA',3),
 (8,'Activo','GIULIETTA',3),
 (9,'Activo','GT',3),
 (10,'Activo','GTV',3),
 (11,'Activo','MITO',3),
 (12,'Activo','SPIDER',3),
 (13,'Activo','A1',4),
 (14,'Activo','A3',4),
 (15,'Activo','A4',4),
 (16,'Activo','A5',4),
 (17,'Activo','A6',4),
 (18,'Activo','A7',4),
 (19,'Activo','A8',4),
 (20,'Activo','ALLROAD',4),
 (21,'Activo','Q3',4),
 (22,'Activo','Q5',4),
 (23,'Activo','Q7',4),
 (24,'Activo','R8',4),
 (25,'Activo','TT',4),
 (26,'Activo','SERIE1',5),
 (27,'Activo','SERIE3',5),
 (28,'Activo','SERIE5',5),
 (29,'Activo','SERIE6',5),
 (30,'Activo','SERIE7',5),
 (31,'Activo','X1',5),
 (32,'Activo','X3',5),
 (33,'Activo','X5',5),
 (34,'Activo','X6',5),
 (35,'Activo','Z3',5),
 (36,'Activo','Z4',5),
 (37,'Activo','FACE',6),
 (38,'Activo','FULWIN',6),
 (39,'Activo','QQ',6),
 (40,'Activo','SKIN',6),
 (41,'Activo','TIGGO',6),
 (42,'Activo','AGILE',7),
 (43,'Activo','ASTRA',7),
 (44,'Activo','ASTRA II',7),
 (45,'Activo','AVALANCHE',7),
 (46,'Activo','AVEO',7),
 (47,'Activo','BLAZER',7),
 (48,'Activo','CAMARO',7),
 (49,'Activo','CAPTIVA',7),
 (50,'Activo','CELTA',7),
 (51,'Activo','CLASSIC',7),
 (52,'Activo','COBALT',7),
 (53,'Activo','CORSA',7),
 (54,'Activo','CORSA CLASSIC',7),
 (55,'Activo','CORSA II',7),
 (56,'Activo','CORVETTE',7),
 (57,'Activo','CRUZE',7),
 (58,'Activo','MERIVA',7),
 (59,'Activo','MONTANA',7),
 (60,'Activo','ONIX',7),
 (61,'Activo','PRISMA',7),
 (62,'Activo','VECTRA',7),
 (63,'Activo','S-10',7),
 (64,'Activo','SILVERADO',7),
 (65,'Activo','SONIC',7),
 (66,'Activo','SPARK',7),
 (67,'Activo','SPIN',7),
 (68,'Activo','TRACKER',7),
 (69,'Activo','TRAILBLAZER',7),
 (70,'Activo','ZAFIRA',7),
 (71,'Activo','300',8),
 (72,'Activo','CARAVAN',8),
 (73,'Activo','TOWN & COUNTRY',8),
 (74,'Activo','GRAND CARAVAN',8),
 (75,'Activo','CROSSFIRE',8),
 (76,'Activo','NEON',8),
 (77,'Activo','PT CRUISER',8),
 (78,'Activo','SEBRIG',8),
 (79,'Activo','BERLINGO',9),
 (80,'Activo','C3',9),
 (81,'Activo','C3 AIRCROSS',9),
 (82,'Activo','C3 PICASSO',9),
 (83,'Activo','C4 AIRCROSS',9),
 (84,'Activo','C4 LOUNGE',9),
 (85,'Activo','C4 PICASSO',9),
 (86,'Activo','C4 GRAND PICASSO',9),
 (87,'Activo','C5',9),
 (88,'Activo','C6',9),
 (89,'Activo','DS3',9),
 (90,'Activo','DS4',9),
 (91,'Activo','C15',9),
 (92,'Activo','JUMPER',9),
 (93,'Activo','SAXO',9),
 (94,'Activo','XSARA',9),
 (95,'Activo','XSARA PICASSO',9),
 (96,'Activo','PICK-UP',10),
 (97,'Activo','LANOS',11),
 (98,'Activo','LEGANZA',11),
 (99,'Activo','NUBIRA',11),
 (100,'Activo','MATIZ',11),
 (101,'Activo','TACUMA',11),
 (102,'Activo','DAMAS',11),
 (103,'Activo','LABO',11),
 (104,'Activo','MOVE',12),
 (105,'Activo','ROCKY',12),
 (106,'Activo','SIRION',12),
 (107,'Activo','TERIOS',12),
 (108,'Activo','MIRA',12),
 (109,'Activo','JOURNEY',13),
 (110,'Activo','RAM',13),
 (111,'Activo','360',14),
 (112,'Activo','430',14),
 (113,'Activo','456',14),
 (114,'Activo','575',14),
 (115,'Activo','599',14),
 (116,'Activo','612',14),
 (117,'Activo','CALIFORNIA',14),
 (118,'Activo','SUPERAMERICA',14),
 (119,'Activo','500',15),
 (120,'Activo','BRAVA',15),
 (121,'Activo','BRAVO',15),
 (122,'Activo','DOBLO',15),
 (123,'Activo','DUCATO',15),
 (124,'Activo','FIORINO',15),
 (125,'Activo','FIORINO QUBO',15),
 (126,'Activo','IDEA',15),
 (127,'Activo','LINEA',15),
 (128,'Activo','MAREA',15),
 (129,'Activo','PALIO',15),
 (130,'Activo','PALIO ADVENTURE',15),
 (131,'Activo','PUNTO',15),
 (132,'Activo','QUBO',15),
 (133,'Activo','SIENA',15),
 (134,'Activo','GRAND SIENA',15),
 (135,'Activo','STILO',15),
 (136,'Activo','STRADA',15),
 (137,'Activo','UNO',15),
 (138,'Activo','UNO EVO',15),
 (139,'Activo','COURIER',16),
 (140,'Activo','ECOSPORT',16),
 (141,'Activo','ECOSPORT KD',16),
 (142,'Activo','ESCAPE',16),
 (143,'Activo','F100',16),
 (144,'Activo','FIESTA KD',16),
 (145,'Activo','FIESTA',16),
 (146,'Activo','FOCUS',16),
 (147,'Activo','FOCUS III',16),
 (148,'Activo','KA',16),
 (149,'Activo','KUGA',16),
 (150,'Activo','MONDEO',16),
 (151,'Activo','RANGER',16),
 (152,'Activo','S-MAX',16),
 (153,'Activo','TRANSIT',16),
 (154,'Activo','EXCEED',17),
 (155,'Activo','HB',18),
 (156,'Activo','ACCORD',19),
 (157,'Activo','CITY',19),
 (158,'Activo','CIVIC',19),
 (159,'Activo','CRV',19),
 (160,'Activo','FIT',19),
 (161,'Activo','HRV',19),
 (162,'Activo','LEGEND',19),
 (163,'Activo','PILOT',19),
 (164,'Activo','STREAM',19),
 (165,'Activo','ACCENT',20),
 (166,'Activo','ATOS PRIME',20),
 (167,'Activo','COUPE',20),
 (168,'Activo','ELANTRA',20),
 (169,'Activo','I 10',20),
 (170,'Activo','I 30',20),
 (171,'Activo','MATRIX',20),
 (172,'Activo','SANTA FE',20),
 (173,'Activo','SONATA',20),
 (174,'Activo','TERRACAN',20),
 (175,'Activo','TRAJET',20),
 (176,'Activo','TUCSON',20),
 (177,'Activo','VELOSTER',20),
 (178,'Activo','VERACRUZ',20),
 (179,'Activo','AMIGO',21),
 (180,'Activo','PICK-UP CABIAN SIMPLE',21),
 (181,'Activo','PICK-UP SPACE CAB',21),
 (182,'Activo','PICK-UP CABINA DOBLE',21),
 (183,'Activo','TROOPER',21),
 (184,'Activo','X-TYPE',22),
 (185,'Activo','XF',22),
 (186,'Activo','F-TYPE',22),
 (187,'Activo','S-TYPE',22),
 (188,'Activo','XJ',22),
 (189,'Activo','XK',22),
 (190,'Activo','CHEROKEE',23),
 (191,'Activo','COMPASS',23),
 (192,'Activo','GRAND CHEROKEE',23),
 (193,'Activo','PATRIOT',23),
 (194,'Activo','WRANGLER',23),
 (195,'Activo','CARENS',24),
 (196,'Activo','CARNIVAL',24),
 (197,'Activo','CERATO',24),
 (198,'Activo','MAGENTIS',24),
 (199,'Activo','MOHAVE',24),
 (200,'Activo','OPIRUS',24),
 (201,'Activo','PICANTO',24),
 (202,'Activo','RIO',24),
 (203,'Activo','RONDO',24),
 (204,'Activo','SPORTAGE',24),
 (205,'Activo','GRAND SPORTAGE',24),
 (206,'Activo','SORENTO',24),
 (207,'Activo','SOUL',24),
 (208,'Activo','PREGIO',24),
 (209,'Activo','AFALINA',25),
 (210,'Activo','SAMARA',25),
 (211,'Activo','DEFENDER',26),
 (212,'Activo','DISCOVERY',26),
 (213,'Activo','FREELANDER',26),
 (214,'Activo','RANGE ROVER',26),
 (215,'Activo','LS',27),
 (216,'Activo','GS',27),
 (217,'Activo','IS',27),
 (218,'Activo','QUATTROPORTE',28),
 (219,'Activo','COUPE SPORT',28),
 (220,'Activo','GRAND TURISMO',28),
 (221,'Activo','SPYDER',28),
 (222,'Activo','323',29),
 (223,'Activo','626',29),
 (224,'Activo','MPV',29),
 (225,'Activo','B 2500',29),
 (226,'Activo','B 2900',29),
 (227,'Activo','AMG',30),
 (228,'Activo','CLASE A',30),
 (229,'Activo','CLASE B',30),
 (230,'Activo','CLASE C',30),
 (231,'Activo','CLASE CL',30),
 (232,'Activo','CLASE CLA',30),
 (233,'Activo','CLASE CLC',30),
 (234,'Activo','CLASE CLK',30),
 (235,'Activo','CLASE CLS',30),
 (236,'Activo','CLASE E',30),
 (237,'Activo','CLASE G',30),
 (238,'Activo','CLASE GL',30),
 (239,'Activo','CLASE ML',30),
 (240,'Activo','CLASE S',30),
 (241,'Activo','CLASE SL',30),
 (242,'Activo','CLASE SLK',30),
 (243,'Activo','VIANO',30),
 (244,'Activo','MGF',31),
 (245,'Activo','COOPER',32),
 (246,'Activo','CANTER',33),
 (247,'Activo','L-200',33),
 (248,'Activo','LANCER',33),
 (249,'Activo','MONTERO',33),
 (250,'Activo','NATIVA',33),
 (251,'Activo','OUTLANDER',33),
 (252,'Activo','350',34),
 (253,'Activo','370Z',34),
 (254,'Activo','PATHFINDER',34),
 (255,'Activo','FRONTIER',34),
 (256,'Activo','MARCH',34),
 (257,'Activo','MURANO',34),
 (258,'Activo','NP300',34),
 (259,'Activo','PICK-UP SPORT',34),
 (260,'Activo','SENTRA',34),
 (261,'Activo','TEANA',34),
 (262,'Activo','TERRANO II',34),
 (263,'Activo','TIIDA',34),
 (264,'Activo','VERSA',34),
 (265,'Activo','X-TERRA',34),
 (266,'Activo','X-TRAIL',34),
 (267,'Activo','106',35),
 (268,'Activo','206',35),
 (269,'Activo','207',35),
 (270,'Activo','208',35),
 (271,'Activo','306',35),
 (272,'Activo','307',35),
 (273,'Activo','308',35),
 (274,'Activo','3008',35),
 (275,'Activo','405',35),
 (276,'Activo','406',35),
 (277,'Activo','407',35),
 (278,'Activo','408',35),
 (279,'Activo','4008',35),
 (280,'Activo','508',35),
 (281,'Activo','5008',35),
 (282,'Activo','607',35),
 (283,'Activo','806',35),
 (284,'Activo','807',35),
 (285,'Activo','RCZ',35),
 (286,'Activo','EXPERT',35),
 (287,'Activo','HOGGAR',35),
 (288,'Activo','PARTNER',35),
 (289,'Activo','BOXER',35),
 (290,'Activo','911',36),
 (291,'Activo','BOXSTER',36),
 (292,'Activo','CAYENNE',36),
 (293,'Activo','CAYMAN',36),
 (294,'Activo','PANAMERA',36),
 (295,'Activo','1500',37),
 (296,'Activo','2500',37),
 (297,'Activo','CLIO MIO',38),
 (298,'Activo','CLIO L/NUEVA',38),
 (299,'Activo','CLIO 2',38),
 (300,'Activo','DUSTER',38),
 (301,'Activo','FLUENCE',38),
 (302,'Activo','KANGOO',38),
 (303,'Activo','KANGOO FURGON',38),
 (304,'Activo','KOLEOS',38),
 (305,'Activo','LAGUNA',38),
 (306,'Activo','LATITUDE',38),
 (307,'Activo','LOGAN',38),
 (308,'Activo','MEGANE',38),
 (309,'Activo','MEGANE II',38),
 (310,'Activo','MEGANE III',38),
 (311,'Activo','SANDERO',38),
 (312,'Activo','SANDERO STEPWAY',38),
 (313,'Activo','SCENIC',38),
 (314,'Activo','SYMBOL',38),
 (315,'Activo','TWINGO',38),
 (316,'Activo','TRAFIC',38),
 (317,'Activo','MASTER',38),
 (318,'Activo','LINEA 25',39),
 (319,'Activo','LINEA 45',39),
 (320,'Activo','LINEA 75',39),
 (321,'Activo','LINEA 9.3',39),
 (322,'Activo','LINEA 9.5',39),
 (323,'Activo','ALHAMBRA',40),
 (324,'Activo','ALTEA',40),
 (325,'Activo','CORDOBA',40),
 (326,'Activo','IBIZA',40),
 (327,'Activo','INCA FURGON',40),
 (328,'Activo','LEON',40),
 (329,'Activo','TOLEDO',40),
 (330,'Activo','FORTWO',41),
 (331,'Activo','ACTYON',42),
 (332,'Activo','KORANDO',42),
 (333,'Activo','KYRON',42),
 (334,'Activo','ISTANA',42),
 (335,'Activo','MUSSO',42),
 (336,'Activo','REXTON',42),
 (337,'Activo','STAVIC',42),
 (338,'Activo','IMPREZA',43),
 (339,'Activo','LEGACY',43),
 (340,'Activo','OUTBACK',43),
 (341,'Activo','TRIBECA',43),
 (342,'Activo','XV',43),
 (343,'Activo','FORESTER',43),
 (344,'Activo','FUN',44),
 (345,'Activo','GRAND VITARA',44),
 (346,'Activo','SWIFT',44),
 (347,'Activo','JIMNY',44),
 (348,'Activo','207 TELCOLINE',45),
 (349,'Activo','SUMO',46),
 (350,'Activo','86',47),
 (351,'Activo','AVENSIS',47),
 (352,'Activo','CAMRY',47),
 (353,'Activo','COROLLA',47),
 (354,'Activo','CORONA',47),
 (355,'Activo','ETIOS',47),
 (356,'Activo','ETIOS CROSS',47),
 (357,'Activo','HILUX',47),
 (358,'Activo','LAND CRUISER',47),
 (359,'Activo','PRIUS',47),
 (360,'Activo','RAV 4',47),
 (361,'Activo','AMAROK',48),
 (362,'Activo','BORA',48),
 (363,'Activo','CADDY',48),
 (364,'Activo','CROSSFOX',48),
 (365,'Activo','FOX',48),
 (366,'Activo','GOL',48),
 (367,'Activo','GOL TREND',48),
 (368,'Activo','GOLF',48),
 (369,'Activo','MULTIVAN',48),
 (370,'Activo','THE BEETLE',48),
 (371,'Activo','NEW BEETLE',48),
 (372,'Activo','PASSAT',48),
 (373,'Activo','CC',48),
 (374,'Activo','POLO',48),
 (375,'Activo','SANTANA',48),
 (376,'Activo','SAVEIRO',48),
 (377,'Activo','SCIROCCO',48),
 (378,'Activo','SHARAN',48),
 (379,'Activo','SURAN',48),
 (380,'Activo','TIGUAN',48),
 (381,'Activo','TOUAREG',48),
 (382,'Activo','TRANSPORTER',48),
 (383,'Activo','UP',48),
 (384,'Activo','VENTO',48),
 (385,'Activo','VOYAGE',48),
 (386,'Activo','C30',49),
 (387,'Activo','C70',49),
 (388,'Activo','S40',49),
 (389,'Activo','S60',49),
 (390,'Activo','S80',49),
 (391,'Activo','V40',49),
 (392,'Activo','V50',49),
 (393,'Activo','V60',49),
 (394,'Activo','V70',49),
 (395,'Activo','XC60',49),
 (396,'Activo','XC70',49),
 (397,'Activo','XC90',49);
 
---AGENDA---

insert into agenda(id,estatus,fechacreacion,fechamodificacion) 
values(nextval('agenda_id_seq'),'Activo','2017-01-01 16:00:00','2017-01-01 16:00:00');

---ESPACIO---

insert into espacio (id,descripcion,estado,estatus,fechacreacion,fechamodificacion,identificacion,idagenda) 
values(nextval('espacio_id_seq'),'Espacio1','FALSE','Activo','2017-01-01 16:00:00','2017-01-01 16:00:00','Espacio#1',1);
insert into espacio (id,descripcion,estado,estatus,fechacreacion,fechamodificacion,identificacion,idagenda) 
values(nextval('espacio_id_seq'),'Espacio2','FALSE','Activo','2017-01-01 16:00:00','2017-01-01 16:00:00','Espacio#2',1);
insert into espacio (id,descripcion,estado,estatus,fechacreacion,fechamodificacion,identificacion,idagenda) 
values(nextval('espacio_id_seq'),'Espacio3','FALSE','Activo','2017-01-01 16:00:00','2017-01-01 16:00:00','Espacio#3',1);
insert into espacio (id,descripcion,estado,estatus,fechacreacion,fechamodificacion,identificacion,idagenda) 
values(nextval('espacio_id_seq'),'Espacio4','FALSE','Activo','2017-01-01 16:00:00','2017-01-01 16:00:00','Espacio#4',1);
insert into espacio (id,descripcion,estado,estatus,fechacreacion,fechamodificacion,identificacion,idagenda) 
values(nextval('espacio_id_seq'),'Espacio5','FALSE','Activo','2017-01-01 16:00:00','2017-01-01 16:00:00','Espacio#5',1);
insert into espacio (id,descripcion,estado,estatus,fechacreacion,fechamodificacion,identificacion,idagenda) 
values(nextval('espacio_id_seq'),'Espacio6','FALSE','Activo','2017-01-01 16:00:00','2017-01-01 16:00:00','Espacio#6',1);

---CLASE---

insert into clase(id,descripcion,estatus,fechacreacion,idtipoclase) values 
 (1,'Sedan','Activo','2017-03-03',1),
 (2,'Ambulancia','Activo','2017-03-03',2);

---ACCESORIO---

insert into accesorio (id,descripcion,estatus,fechacreacion,fechamodificacion) 
values(nextval('accesorio_id_seq'),'Luces Delantera','Activo','2017-01-01 16:00:00','2017-01-01 16:00:00');
insert into accesorio (id,descripcion,estatus,fechacreacion,fechamodificacion) 
values(nextval('accesorio_id_seq'),'Luces Traseras','Activo','2017-01-01 16:00:00','2017-01-01 16:00:00');
insert into accesorio (id,descripcion,estatus,fechacreacion,fechamodificacion) 
values(nextval('accesorio_id_seq'),'Luces Internas','Activo','2017-01-01 16:00:00','2017-01-01 16:00:00');
insert into accesorio (id,descripcion,estatus,fechacreacion,fechamodificacion) 
values(nextval('accesorio_id_seq'),'Atena del Capot','Activo','2017-01-01 16:00:00','2017-01-01 16:00:00');
insert into accesorio (id,descripcion,estatus,fechacreacion,fechamodificacion) 
values(nextval('accesorio_id_seq'),'Atena en el Techo','Activo','2017-01-01 16:00:00','2017-01-01 16:00:00');
insert into accesorio (id,descripcion,estatus,fechacreacion,fechamodificacion) 
values(nextval('accesorio_id_seq'),'Tapon de gasolina','Activo','2017-01-01 16:00:00','2017-01-01 16:00:00');
insert into accesorio (id,descripcion,estatus,fechacreacion,fechamodificacion) 
values(nextval('accesorio_id_seq'),'Carrocerias sin golpes','Activo','2017-01-01 16:00:00','2017-01-01 16:00:00');
insert into accesorio (id,descripcion,estatus,fechacreacion,fechamodificacion) 
values(nextval('accesorio_id_seq'),'Calefaccion','Activo','2017-01-01 16:00:00','2017-01-01 16:00:00');
insert into accesorio (id,descripcion,estatus,fechacreacion,fechamodificacion) 
values(nextval('accesorio_id_seq'),'Cinturones','Activo','2017-01-01 16:00:00','2017-01-01 16:00:00');
insert into accesorio (id,descripcion,estatus,fechacreacion,fechamodificacion) 
values(nextval('accesorio_id_seq'),'Radio','Activo','2017-01-01 16:00:00','2017-01-01 16:00:00');

---ANOMALIA---

insert into anomalia (id,descripcion,estatus,fechacreacion,fechamodificacion) 
values(nextval('anomalia_id_seq'),'Fallas Adiccionales Detectadas para Presupuestar','Activo','2017-01-01 16:00:00','2017-01-01 16:00:00');
insert into anomalia (id,descripcion,estatus,fechacreacion,fechamodificacion) 
values(nextval('anomalia_id_seq'),'Fallas Adiccionales Presupestadas','Activo','2017-01-01 16:00:00','2017-01-01 16:00:00');
insert into anomalia (id,descripcion,estatus,fechacreacion,fechamodificacion) 
values(nextval('anomalia_id_seq'),'Costos Adiccionales Presupestados','Activo','2017-01-01 16:00:00','2017-01-01 16:00:00');
insert into anomalia (id,descripcion,estatus,fechacreacion,fechamodificacion) 
values(nextval('anomalia_id_seq'),'Costos No Presupestados','Activo','2017-01-01 16:00:00','2017-01-01 16:00:00');
insert into anomalia (id,descripcion,estatus,fechacreacion,fechamodificacion) 
values(nextval('anomalia_id_seq'),'Servicios Adicionales Sugeridos del Cliente','Activo','2017-01-01 16:00:00','2017-01-01 16:00:00');

---DEPORTE---

insert into deporte (id,descripcion,estatus,fechacreacion,fechamodificacion) 
values(nextval('deporte_id_seq'),'Futbol','Activo','2017-01-01 16:00:00','2017-01-01 16:00:00');
insert into deporte (id,descripcion,estatus,fechacreacion,fechamodificacion) 
values(nextval('deporte_id_seq'),'Tenis','Activo','2017-01-01 16:00:00','2017-01-01 16:00:00');
insert into deporte (id,descripcion,estatus,fechacreacion,fechamodificacion) 
values(nextval('deporte_id_seq'),'Metra','Activo','2017-01-01 16:00:00','2017-01-01 16:00:00');
insert into deporte (id,descripcion,estatus,fechacreacion,fechamodificacion) 
values(nextval('deporte_id_seq'),'Voleibol','Activo','2017-01-01 16:00:00','2017-01-01 16:00:00');
insert into deporte (id,descripcion,estatus,fechacreacion,fechamodificacion) 
values(nextval('deporte_id_seq'),'Basket','Activo','2017-01-01 16:00:00','2017-01-01 16:00:00');
insert into deporte (id,descripcion,estatus,fechacreacion,fechamodificacion) 
values(nextval('deporte_id_seq'),'Piques Fangueros','Activo','2017-01-01 16:00:00','2017-01-01 16:00:00');
insert into deporte (id,descripcion,estatus,fechacreacion,fechamodificacion) 
values(nextval('deporte_id_seq'),'Automovilismo','Activo','2017-01-01 16:00:00','2017-01-01 16:00:00');
insert into deporte (id,descripcion,estatus,fechacreacion,fechamodificacion) 
values(nextval('deporte_id_seq'),'Ciclismo','Activo','2017-01-01 16:00:00','2017-01-01 16:00:00');
insert into deporte (id,descripcion,estatus,fechacreacion,fechamodificacion) 
values(nextval('deporte_id_seq'),'Futbol Sala','Activo','2017-01-01 16:00:00','2017-01-01 16:00:00');

---OCUPACION---

insert into ocupacion (id,descripcion,estatus,fechacreacion,fechamodificacion) 
values(nextval('ocupacion_id_seq'),'Profesor','Activo','2017-01-01 16:00:00','2017-01-01 16:00:00');
insert into ocupacion (id,descripcion,estatus,fechacreacion,fechamodificacion) 
values(nextval('ocupacion_id_seq'),'Doctor','Activo','2017-01-01 16:00:00','2017-01-01 16:00:00');
insert into ocupacion (id,descripcion,estatus,fechacreacion,fechamodificacion) 
values(nextval('ocupacion_id_seq'),'Deportista','Activo','2017-01-01 16:00:00','2017-01-01 16:00:00');
insert into ocupacion (id,descripcion,estatus,fechacreacion,fechamodificacion) 
values(nextval('ocupacion_id_seq'),'Conductor','Activo','2017-01-01 16:00:00','2017-01-01 16:00:00');
insert into ocupacion (id,descripcion,estatus,fechacreacion,fechamodificacion) 
values(nextval('ocupacion_id_seq'),'Gamer','Activo','2017-01-01 16:00:00','2017-01-01 16:00:00');
insert into ocupacion (id,descripcion,estatus,fechacreacion,fechamodificacion) 
values(nextval('ocupacion_id_seq'),'Artista','Activo','2017-01-01 16:00:00','2017-01-01 16:00:00');
insert into ocupacion (id,descripcion,estatus,fechacreacion,fechamodificacion) 
values(nextval('ocupacion_id_seq'),'Mecánico','Activo','2017-01-01 16:00:00','2017-01-01 16:00:00');
insert into ocupacion (id,descripcion,estatus,fechacreacion,fechamodificacion) 
values(nextval('ocupacion_id_seq'),'Comerciante','Activo','2017-01-01 16:00:00','2017-01-01 16:00:00');
insert into ocupacion (id,descripcion,estatus,fechacreacion,fechamodificacion) 
values(nextval('ocupacion_id_seq'),'Visitador medico','Activo','2017-01-01 16:00:00','2017-01-01 16:00:00');
insert into ocupacion (id,descripcion,estatus,fechacreacion,fechamodificacion) 
values(nextval('ocupacion_id_seq'),'Artesano','Activo','2017-01-01 16:00:00','2017-01-01 16:00:00');
insert into ocupacion (id,descripcion,estatus,fechacreacion,fechamodificacion) 
values(nextval('ocupacion_id_seq'),'Ama de Casa','Activo','2017-01-01 16:00:00','2017-01-01 16:00:00');

---PASATIEMPO---

insert into pasatiempo (id,descripcion,estatus,fechacreacion,fechamodificacion) 
values(nextval('pasatiempo_id_seq'),'Peliculas','Activo','2017-01-01 16:00:00','2017-01-01 16:00:00');
insert into pasatiempo (id,descripcion,estatus,fechacreacion,fechamodificacion) 
values(nextval('pasatiempo_id_seq'),'Carreras de Piques','Activo','2017-01-01 16:00:00','2017-01-01 16:00:00');
insert into pasatiempo (id,descripcion,estatus,fechacreacion,fechamodificacion) 
values(nextval('pasatiempo_id_seq'),'Animales','Activo','2017-01-01 16:00:00','2017-01-01 16:00:00');
insert into pasatiempo (id,descripcion,estatus,fechacreacion,fechamodificacion) 
values(nextval('pasatiempo_id_seq'),'Videojuegos','Activo','2017-01-01 16:00:00','2017-01-01 16:00:00');
insert into pasatiempo (id,descripcion,estatus,fechacreacion,fechamodificacion) 
values(nextval('pasatiempo_id_seq'),'Leer','Activo','2017-01-01 16:00:00','2017-01-01 16:00:00');
insert into pasatiempo (id,descripcion,estatus,fechacreacion,fechamodificacion) 
values(nextval('pasatiempo_id_seq'),'Cantar','Activo','2017-01-01 16:00:00','2017-01-01 16:00:00');
insert into pasatiempo (id,descripcion,estatus,fechacreacion,fechamodificacion) 
values(nextval('pasatiempo_id_seq'),'Trabajo con madera','Activo','2017-01-01 16:00:00','2017-01-01 16:00:00');
insert into pasatiempo (id,descripcion,estatus,fechacreacion,fechamodificacion) 
values(nextval('pasatiempo_id_seq'),'Pintar','Activo','2017-01-01 16:00:00','2017-01-01 16:00:00');
insert into pasatiempo (id,descripcion,estatus,fechacreacion,fechamodificacion) 
values(nextval('pasatiempo_id_seq'),'Tocar Guitarra','Activo','2017-01-01 16:00:00','2017-01-01 16:00:00');
insert into pasatiempo (id,descripcion,estatus,fechacreacion,fechamodificacion) 
values(nextval('pasatiempo_id_seq'),'Fotografia','Activo','2017-01-01 16:00:00','2017-01-01 16:00:00'); 
insert into pasatiempo (id,descripcion,estatus,fechacreacion,fechamodificacion) 
values(nextval('pasatiempo_id_seq'),'Pescar','Activo','2017-01-01 16:00:00','2017-01-01 16:00:00');
insert into pasatiempo (id,descripcion,estatus,fechacreacion,fechamodificacion) 
values(nextval('pasatiempo_id_seq'),'Trabajo con madera','Activo','2017-01-01 16:00:00','2017-01-01 16:00:00');
insert into pasatiempo (id,descripcion,estatus,fechacreacion,fechamodificacion) 
values(nextval('pasatiempo_id_seq'),'Pintar','Activo','2017-01-01 16:00:00','2017-01-01 16:00:00');
insert into pasatiempo (id,descripcion,estatus,fechacreacion,fechamodificacion) 
values(nextval('pasatiempo_id_seq'),'Tocar guitarra','Activo','2017-01-01 16:00:00','2017-01-01 16:00:00');
insert into pasatiempo (id,descripcion,estatus,fechacreacion,fechamodificacion) 
values(nextval('pasatiempo_id_seq'),'Fotografia','Activo','2017-01-01 16:00:00','2017-01-01 16:00:00');

---PROFESION---

insert into profesion (id,descripcion,estatus,fechacreacion,fechamodificacion) 
values(nextval('profesion_id_seq'),'Ingeniero','Activo','2017-01-01 16:00:00','2017-01-01 16:00:00');
insert into profesion (id,descripcion,estatus,fechacreacion,fechamodificacion) 
values(nextval('profesion_id_seq'),'Contador','Activo','2017-01-01 16:00:00','2017-01-01 16:00:00');
insert into profesion (id,descripcion,estatus,fechacreacion,fechamodificacion) 
values(nextval('profesion_id_seq'),'Quimico','Activo','2017-01-01 16:00:00','2017-01-01 16:00:00');
insert into profesion (id,descripcion,estatus,fechacreacion,fechamodificacion) 
values(nextval('profesion_id_seq'),'Gerente','Activo','2017-01-01 16:00:00','2017-01-01 16:00:00');
insert into profesion (id,descripcion,estatus,fechacreacion,fechamodificacion) 
values(nextval('profesion_id_seq'),'Matematico','Activo','2017-01-01 16:00:00','2017-01-01 16:00:00');
insert into profesion (id,descripcion,estatus,fechacreacion,fechamodificacion) 
values(nextval('profesion_id_seq'),'Bachiller','Activo','2017-01-01 16:00:00','2017-01-01 16:00:00');
insert into profesion (id,descripcion,estatus,fechacreacion,fechamodificacion) 
values(nextval('profesion_id_seq'),'Otro','Activo','2017-01-01 16:00:00','2017-01-01 16:00:00');
insert into profesion (id,descripcion,estatus,fechacreacion,fechamodificacion) 
values(nextval('profesion_id_seq'),'Medico Cirujano','Activo','2017-01-01 16:00:00','2017-01-01 16:00:00');
insert into profesion (id,descripcion,estatus,fechacreacion,fechamodificacion) 
values(nextval('profesion_id_seq'),'fotografo','Activo','2017-01-01 16:00:00','2017-01-01 16:00:00');
insert into profesion (id,descripcion,estatus,fechacreacion,fechamodificacion) 
values(nextval('profesion_id_seq'),'Ingeniero Civil','Activo','2017-01-01 16:00:00','2017-01-01 16:00:00');
insert into profesion (id,descripcion,estatus,fechacreacion,fechamodificacion) 
values(nextval('profesion_id_seq'),'Veterinario','Activo','2017-01-01 16:00:00','2017-01-01 16:00:00');
insert into profesion (id,descripcion,estatus,fechacreacion,fechamodificacion) 
values(nextval('profesion_id_seq'),'Abogado','Activo','2017-01-01 16:00:00','2017-01-01 16:00:00');

---HABILIDAD---

insert into habilidad (id,descripcion,estatus,fechacreacion,fechamodificacion) 
values(nextval('habilidad_id_seq'),'Conocimiento en Tecnologìa Scanner Automotriz','Activo','2017-01-01 16:00:00','2017-01-01 16:00:00');
insert into habilidad (id,descripcion,estatus,fechacreacion,fechamodificacion) 
values(nextval('habilidad_id_seq'),'Alta Capacidad en desmonte y armado de motores','Activo','2017-01-01 16:00:00','2017-01-01 16:00:00');
insert into habilidad (id,descripcion,estatus,fechacreacion,fechamodificacion) 
values(nextval('habilidad_id_seq'),'Alta Capacidad en las redes eléctricas','Activo','2017-01-01 16:00:00','2017-01-01 16:00:00');
insert into habilidad (id,descripcion,estatus,fechacreacion,fechamodificacion) 
values(nextval('habilidad_id_seq'),'Alta Capacidad en los sistemas de encendido y las baterìas','Activo','2017-01-01 16:00:00','2017-01-01 16:00:00');
insert into habilidad (id,descripcion,estatus,fechacreacion,fechamodificacion) 
values(nextval('habilidad_id_seq'),'Alta Capacidad en los sistemas de inyeccion de combustible','Activo','2017-01-01 16:00:00','2017-01-01 16:00:00');
insert into habilidad (id,descripcion,estatus,fechacreacion,fechamodificacion) 
values(nextval('habilidad_id_seq'),'Alta Capacidad en la electronica','Activo','2017-01-01 16:00:00','2017-01-01 16:00:00');
insert into habilidad (id,descripcion,estatus,fechacreacion,fechamodificacion) 
values(nextval('habilidad_id_seq'),'Alta capacidad en mantenimiento de herremientas utilizadas en el taller','Activo','2017-01-01 16:00:00','2017-01-01 16:00:00');

---HERRAMIENTA---

insert into herramienta (id,descripcion,estatus,fechacreacion,fechamodificacion) 
values(nextval('herramienta_id_seq'),'Martillo','Activo','2017-01-01 16:00:00','2017-01-01 16:00:00');
insert into herramienta (id,descripcion,estatus,fechacreacion,fechamodificacion) 
values(nextval('herramienta_id_seq'),'Tornillo','Activo','2017-01-01 16:00:00','2017-01-01 16:00:00');
insert into herramienta (id,descripcion,estatus,fechacreacion,fechamodificacion) 
values(nextval('herramienta_id_seq'),'Tubo','Activo','2017-01-01 16:00:00','2017-01-01 16:00:00');
insert into herramienta (id,descripcion,estatus,fechacreacion,fechamodificacion) 
values(nextval('herramienta_id_seq'),'Medidores','Activo','2017-01-01 16:00:00','2017-01-01 16:00:00');
insert into herramienta (id,descripcion,estatus,fechacreacion,fechamodificacion) 
values(nextval('herramienta_id_seq'),'Gato Hidráulico','Activo','2017-01-01 16:00:00','2017-01-01 16:00:00');
insert into herramienta (id,descripcion,estatus,fechacreacion,fechamodificacion) 
values(nextval('herramienta_id_seq'),'Medidores','Activo','2017-01-01 16:00:00','2017-01-01 16:00:00');
insert into herramienta (id,descripcion,estatus,fechacreacion,fechamodificacion) 
values(nextval('herramienta_id_seq'),'Cinceles Neumáticos','Activo','2017-01-01 16:00:00','2017-01-01 16:00:00');
insert into herramienta (id,descripcion,estatus,fechacreacion,fechamodificacion) 
values(nextval('herramienta_id_seq'),'Llaves de Impacto','Activo','2017-01-01 16:00:00','2017-01-01 16:00:00');
insert into herramienta (id,descripcion,estatus,fechacreacion,fechamodificacion) 
values(nextval('herramienta_id_seq'),'Trinquetes Neumáticos','Activo','2017-01-01 16:00:00','2017-01-01 16:00:00');

---FALLAS---

insert into falla (id,descripcion,estatus,fechacreacion,fechamodificacion) 
values(nextval('falla_id_seq'),'calentamiento','Activo','2017-01-01 16:00:00','2017-01-01 16:00:00');
insert into falla (id,descripcion,estatus,fechacreacion,fechamodificacion) 
values(nextval('falla_id_seq'),'Motor de Arranque','Activo','2017-01-01 16:00:00','2017-01-01 16:00:00');
insert into falla (id,descripcion,estatus,fechacreacion,fechamodificacion) 
values(nextval('falla_id_seq'),'Frenos','Activo','2017-01-01 16:00:00','2017-01-01 16:00:00');
insert into falla (id,descripcion,estatus,fechacreacion,fechamodificacion) 
values(nextval('falla_id_seq'),'Fisibles','Activo','2017-01-01 16:00:00','2017-01-01 16:00:00');
insert into falla (id,descripcion,estatus,fechacreacion,fechamodificacion) 
values(nextval('falla_id_seq'),'Crijido en el Cambio de la Velocidad ','Activo','2017-01-01 16:00:00','2017-01-01 16:00:00');
insert into falla (id,descripcion,estatus,fechacreacion,fechamodificacion) 
values(nextval('falla_id_seq'),'Perdida del Poder en el Motor ','Activo','2017-01-01 16:00:00','2017-01-01 16:00:00');
insert into falla (id,descripcion,estatus,fechacreacion,fechamodificacion) 
values(nextval('falla_id_seq'),'Bote de Agua ','Activo','2017-01-01 16:00:00','2017-01-01 16:00:00');
insert into falla (id,descripcion,estatus,fechacreacion,fechamodificacion) 
values(nextval('falla_id_seq'),'No funciona el encendido','Activo','2017-01-01 16:00:00','2017-01-01 16:00:00');
insert into falla (id,descripcion,estatus,fechacreacion,fechamodificacion) 
values(nextval('falla_id_seq'),'Falla en la bomba e gasolina','Activo','2017-01-01 16:00:00','2017-01-01 16:00:00');
insert into falla (id,descripcion,estatus,fechacreacion,fechamodificacion) 
values(nextval('falla_id_seq'),'Falla en la correa del tiempo','Activo','2017-01-01 16:00:00','2017-01-01 16:00:00');

---TIPO DE TECNOLOGIA---

insert into tipotecnologia (id,descripcion,estatus,fechacreacion,fechamodificacion) 
values(nextval('tipotecnologia_id_seq'),'Scanner Automotriz','Activo','2017-01-01 16:00:00','2017-01-01 16:00:00');
insert into tipotecnologia (id,descripcion,estatus,fechacreacion,fechamodificacion) 
values(nextval('tipotecnologia_id_seq'),'Scanner Diesel','Activo','2017-01-01 16:00:00','2017-01-01 16:00:00');
insert into tipotecnologia (id,descripcion,estatus,fechacreacion,fechamodificacion) 
values(nextval('tipotecnologia_id_seq'),'Osciloscopio Automotriz','Activo','2017-01-01 16:00:00','2017-01-01 16:00:00');
insert into tipotecnologia (id,descripcion,estatus,fechacreacion,fechamodificacion) 
values(nextval('tipotecnologia_id_seq'),'Maquina Limpíeza de inyectotes','Activo','2017-01-01 16:00:00','2017-01-01 16:00:00');

---MARCA TECNOLOGIA---

insert into marcatecnologia (id,descripcion,estatus,fechacreacion,fechamodificacion) 
values(nextval('marcatecnologia_id_seq'),'Multimarca','Activo','2017-01-01 16:00:00','2017-01-01 16:00:00');
insert into marcatecnologia (id,descripcion,estatus,fechacreacion,fechamodificacion) 
values(nextval('marcatecnologia_id_seq'),'Iveco','Activo','2017-01-01 16:00:00','2017-01-01 16:00:00');
insert into marcatecnologia (id,descripcion,estatus,fechacreacion,fechamodificacion) 
values(nextval('marcatecnologia_id_seq'),'Tecno Test','Activo','2017-01-01 16:00:00','2017-01-01 16:00:00');
insert into marcatecnologia (id,descripcion,estatus,fechacreacion,fechamodificacion) 
values(nextval('marcatecnologia_id_seq'),'Autel','Activo','2017-01-01 16:00:00','2017-01-01 16:00:00');
insert into marcatecnologia (id,descripcion,estatus,fechacreacion,fechamodificacion) 
values(nextval('marcatecnologia_id_seq'),'Launch','Activo','2017-01-01 16:00:00','2017-01-01 16:00:00');

---TECNOLOGIA---

insert into tecnologia (id,descripcion,estatus,fechacreacion,fechamodificacion) 
values(nextval('tecnologia_id_seq'),' Scanner Automotriz AUTEL - MAXISYS MINI','Activo','2017-01-01 16:00:00','2017-01-01 16:00:00');
insert into tecnologia (id,descripcion,estatus,fechacreacion,fechamodificacion) 
values(nextval('tecnologia_id_seq'),' Scanner Automotriz AUTEL MAXISYS MS906','Activo','2017-01-01 16:00:00','2017-01-01 16:00:00');
insert into tecnologia (id,descripcion,estatus,fechacreacion,fechamodificacion) 
values(nextval('tecnologia_id_seq'),'Scanner Automotriz GM MDI','Activo','2017-01-01 16:00:00','2017-01-01 16:00:00');
insert into tecnologia (id,descripcion,estatus,fechacreacion,fechamodificacion) 
values(nextval('tecnologia_id_seq'),' Scanner Automotriz STAR MOBILE','Activo','2017-01-01 16:00:00','2017-01-01 16:00:00');
insert into tecnologia (id,descripcion,estatus,fechacreacion,fechamodificacion) 
values(nextval('tecnologia_id_seq'),'Scanner Automotriz Tech 2 GM','Activo','2017-01-01 16:00:00','2017-01-01 16:00:00');
insert into tecnologia (id,descripcion,estatus,fechacreacion,fechamodificacion) 
values(nextval('tecnologia_id_seq'),' Scanner Automotriz CHRYSLER DRB III','Activo','2017-01-01 16:00:00','2017-01-01 16:00:00');
insert into tecnologia (id,descripcion,estatus,fechacreacion,fechamodificacion) 
values(nextval('tecnologia_id_seq'),'Scanner Diesel JALTEST','Activo','2017-01-01 16:00:00','2017-01-01 16:00:00');
insert into tecnologia (id,descripcion,estatus,fechacreacion,fechamodificacion) 
values(nextval('tecnologia_id_seq'),'Scanner Diesel JhonDeere','Activo','2017-01-01 16:00:00','2017-01-01 16:00:00');
insert into tecnologia (id,descripcion,estatus,fechacreacion,fechamodificacion) 
values(nextval('tecnologia_id_seq'),'Scanner Diesel Opacímetro Diesel OPA 495','Activo','2017-01-01 16:00:00','2017-01-01 16:00:00');
insert into tecnologia (id,descripcion,estatus,fechacreacion,fechamodificacion) 
values(nextval('tecnologia_id_seq'),' Scanner Diesel Jaltest Soft','Activo','2017-01-01 16:00:00','2017-01-01 16:00:00');
insert into tecnologia (id,descripcion,estatus,fechacreacion,fechamodificacion) 
values(nextval('tecnologia_id_seq'),'Scanner Diesel Caterpillar Diagnose SWT','Activo','2017-01-01 16:00:00','2017-01-01 16:00:00');
insert into tecnologia (id,descripcion,estatus,fechacreacion,fechamodificacion)
values(nextval('tecnologia_id_seq'),'OSCILOSCOPIO AUTOMOTRIZ  4 CANALES  AUTEL - MAXISCOPE MP-408 ','Activo','2017-01-01 16:00:00','2017-01-01 16:00:00');
insert into tecnologia (id,descripcion,estatus,fechacreacion,fechamodificacion) 
values(nextval('tecnologia_id_seq'),'Maquina Limpíeza de inyectotes TEKTINO INJ-6B','Activo','2017-01-01 16:00:00','2017-01-01 16:00:00');
insert into tecnologia (id,descripcion,estatus,fechacreacion,fechamodificacion) 
values(nextval('tecnologia_id_seq'),'Maquina Limpíeza de inyectotes LAUNCH CNC 402 A','Activo','2017-01-01 16:00:00','2017-01-01 16:00:00');
insert into tecnologia (id,descripcion,estatus,fechacreacion,fechamodificacion) 
values(nextval('tecnologia_id_seq'),'Maquina Limpíeza de inyectotesLaunch CNC 602 A','Activo','2017-01-01 16:00:00','2017-01-01 16:00:00');


---TIPO DE CAJA---

insert into tipocaja (id,descripcion,estatus,fechacreacion,fechamodificacion) 
values(nextval('tipocaja_id_seq'),'Automaticas','Activo','2017-01-01 16:00:00','2017-01-01 16:00:00');
insert into tipocaja (id,descripcion,estatus,fechacreacion,fechamodificacion) 
values(nextval('tipocaja_id_seq'),'Manuales','Activo','2017-01-01 16:00:00','2017-01-01 16:00:00');
insert into tipocaja (id,descripcion,estatus,fechacreacion,fechamodificacion) 
values(nextval('tipocaja_id_seq'),'Secuenciales','Activo','2017-01-01 16:00:00','2017-01-01 16:00:00');

---CAJA---

insert into caja (id,descripcion,estatus,fechacreacion,fechamodificacion, idtipocaja) 
values(nextval('caja_id_seq'),'Automaticas','Activo','2017-01-01 16:00:00','2017-01-01 16:00:00',1);
insert into caja (id,descripcion,estatus,fechacreacion,fechamodificacion, idtipocaja) 
values(nextval('caja_id_seq'),'Manuales','Activo','2017-01-01 16:00:00','2017-01-01 16:00:00',2);
insert into caja (id,descripcion,estatus,fechacreacion,fechamodificacion, idtipocaja) 
values(nextval('caja_id_seq'),'Secuenciales','Activo','2017-01-01 16:00:00','2017-01-01 16:00:00',3);

---TIPO DE CLASE---

insert into tipoclase (id,descripcion,estatus,fechacreacion,fechamodificacion) 
values(nextval('tipoclase_id_seq'),'Ambulancia','Activo','2017-01-01 16:00:00','2017-01-01 16:00:00');
insert into tipoclase (id,descripcion,estatus,fechacreacion,fechamodificacion) 
values(nextval('tipoclase_id_seq'),'Camioneta','Activo','2017-01-01 16:00:00','2017-01-01 16:00:00');
insert into tipoclase (id,descripcion,estatus,fechacreacion,fechamodificacion) 
values(nextval('tipoclase_id_seq'),'Deportivo','Activo','2017-01-01 16:00:00','2017-01-01 16:00:00');
insert into tipoclase (id,descripcion,estatus,fechacreacion,fechamodificacion) 
values(nextval('tipoclase_id_seq'),'Convertible','Activo','2017-01-01 16:00:00','2017-01-01 16:00:00');
insert into tipoclase (id,descripcion,estatus,fechacreacion,fechamodificacion) 
values(nextval('tipoclase_id_seq'),'Fùnebre','Activo','2017-01-01 16:00:00','2017-01-01 16:00:00');
insert into tipoclase (id,descripcion,estatus,fechacreacion,fechamodificacion) 
values(nextval('tipoclase_id_seq'),'Rustico','Activo','2017-01-01 16:00:00','2017-01-01 16:00:00');
insert into tipoclase (id,descripcion,estatus,fechacreacion,fechamodificacion) 
values(nextval('tipoclase_id_seq'),'Van','Activo','2017-01-01 16:00:00','2017-01-01 16:00:00');
insert into tipoclase (id,descripcion,estatus,fechacreacion,fechamodificacion) 
values(nextval('tipoclase_id_seq'),'Familiar','Activo','2017-01-01 16:00:00','2017-01-01 16:00:00');
insert into tipoclase (id,descripcion,estatus,fechacreacion,fechamodificacion) 
values(nextval('tipoclase_id_seq'),'De Carga','Activo','2017-01-01 16:00:00','2017-01-01 16:00:00');
insert into tipoclase (id,descripcion,estatus,fechacreacion,fechamodificacion) 
values(nextval('tipoclase_id_seq'),'Cabina Doble','Activo','2017-01-01 16:00:00','2017-01-01 16:00:00');
insert into tipoclase (id,descripcion,estatus,fechacreacion,fechamodificacion) 
values(nextval('tipoclase_id_seq'),'Cabina Extra','Activo','2017-01-01 16:00:00','2017-01-01 16:00:00');
insert into tipoclase (id,descripcion,estatus,fechacreacion,fechamodificacion) 
values(nextval('tipoclase_id_seq'),'Cabina simple','Activo','2017-01-01 16:00:00','2017-01-01 16:00:00');
insert into tipoclase (id,descripcion,estatus,fechacreacion,fechamodificacion) 
values(nextval('tipoclase_id_seq'),'Grua','Activo','2017-01-01 16:00:00','2017-01-01 16:00:00');
insert into tipoclase (id,descripcion,estatus,fechacreacion,fechamodificacion) 
values(nextval('tipoclase_id_seq'),'Plataforma','Activo','2017-01-01 16:00:00','2017-01-01 16:00:00');

---CLASE---

insert into clase (id,descripcion,estatus,fechacreacion,fechamodificacion,idtipoclase) 
values(nextval('clase_id_seq'),'Automovil','Activo','2017-01-01 16:00:00','2017-01-01 16:00:00',1);
insert into clase (id,descripcion,estatus,fechacreacion,fechamodificacion,idtipoclase) 
values(nextval('clase_id_seq'),'Automovil','Activo','2017-01-01 16:00:00','2017-01-01 16:00:00',3);
insert into clase (id,descripcion,estatus,fechacreacion,fechamodificacion,idtipoclase) 
values(nextval('clase_id_seq'),'Automovil','Activo','2017-01-01 16:00:00','2017-01-01 16:00:00',3);
insert into clase (id,descripcion,estatus,fechacreacion,fechamodificacion,idtipoclase) 
values(nextval('clase_id_seq'),'Automovil','Activo','2017-01-01 16:00:00','2017-01-01 16:00:00',4);
insert into clase (id,descripcion,estatus,fechacreacion,fechamodificacion,idtipoclase) 
values(nextval('clase_id_seq'),'Automovil','Activo','2017-01-01 16:00:00','2017-01-01 16:00:00',5);
insert into clase (id,descripcion,estatus,fechacreacion,fechamodificacion,idtipoclase) 
values(nextval('clase_id_seq'),'Automovil','Activo','2017-01-01 16:00:00','2017-01-01 16:00:00',6);
insert into clase (id,descripcion,estatus,fechacreacion,fechamodificacion,idtipoclase) 
values(nextval('clase_id_seq'),'Automovil','Activo','2017-01-01 16:00:00','2017-01-01 16:00:00',7);
insert into clase (id,descripcion,estatus,fechacreacion,fechamodificacion,idtipoclase) 
values(nextval('clase_id_seq'),'Automovil','Activo','2017-01-01 16:00:00','2017-01-01 16:00:00',8);
insert into clase (id,descripcion,estatus,fechacreacion,fechamodificacion,idtipoclase) 
values(nextval('clase_id_seq'),'Microbus','Activo','2017-01-01 16:00:00','2017-01-01 16:00:00',1);
insert into clase (id,descripcion,estatus,fechacreacion,fechamodificacion,idtipoclase) 
values(nextval('clase_id_seq'),'Microbus','Activo','2017-01-01 16:00:00','2017-01-01 16:00:00',9);
insert into clase (id,descripcion,estatus,fechacreacion,fechamodificacion,idtipoclase) 
values(nextval('clase_id_seq'),'Panel','Activo','2017-01-01 16:00:00','2017-01-01 16:00:00',1);
insert into clase (id,descripcion,estatus,fechacreacion,fechamodificacion,idtipoclase) 
values(nextval('clase_id_seq'),'Panel','Activo','2017-01-01 16:00:00','2017-01-01 16:00:00',9);
insert into clase (id,descripcion,estatus,fechacreacion,fechamodificacion,idtipoclase) 
values(nextval('clase_id_seq'),'Pick Up','Activo','2017-01-01 16:00:00','2017-01-01 16:00:00',1);
insert into clase (id,descripcion,estatus,fechacreacion,fechamodificacion,idtipoclase) 
values(nextval('clase_id_seq'),'Pick Up','Activo','2017-01-01 16:00:00','2017-01-01 16:00:00',11);
insert into clase (id,descripcion,estatus,fechacreacion,fechamodificacion,idtipoclase) 
values(nextval('clase_id_seq'),'Pick Up','Activo','2017-01-01 16:00:00','2017-01-01 16:00:00',12);
insert into clase (id,descripcion,estatus,fechacreacion,fechamodificacion,idtipoclase) 
values(nextval('clase_id_seq'),'Pick Up','Activo','2017-01-01 16:00:00','2017-01-01 16:00:00',13);
insert into clase (id,descripcion,estatus,fechacreacion,fechamodificacion,idtipoclase) 
values(nextval('clase_id_seq'),'Pick Up','Activo','2017-01-01 16:00:00','2017-01-01 16:00:00',14);
insert into clase (id,descripcion,estatus,fechacreacion,fechamodificacion,idtipoclase) 
values(nextval('clase_id_seq'),'Pick Up','Activo','2017-01-01 16:00:00','2017-01-01 16:00:00',14);

---COLOR---

insert into color (id,descripcion,estatus,fechacreacion,fechamodificacion) 
values(nextval('color_id_seq'),'Rojo','Activo','2017-01-01 16:00:00','2017-01-01 16:00:00');
insert into color (id,descripcion,estatus,fechacreacion,fechamodificacion) 
values(nextval('color_id_seq'),'Negro','Activo','2017-01-01 16:00:00','2017-01-01 16:00:00');
insert into color (id,descripcion,estatus,fechacreacion,fechamodificacion) 
values(nextval('color_id_seq'),'Blanco','Activo','2017-01-01 16:00:00','2017-01-01 16:00:00');
insert into color (id,descripcion,estatus,fechacreacion,fechamodificacion) 
values(nextval('color_id_seq'),'Azul','Activo','2017-01-01 16:00:00','2017-01-01 16:00:00');
insert into color (id,descripcion,estatus,fechacreacion,fechamodificacion) 
values(nextval('color_id_seq'),'Naranja','Activo','2017-01-01 16:00:00','2017-01-01 16:00:00');
insert into color (id,descripcion,estatus,fechacreacion,fechamodificacion) 
values(nextval('color_id_seq'),'Gris','Activo','2017-01-01 16:00:00','2017-01-01 16:00:00');
insert into color (id,descripcion,estatus,fechacreacion,fechamodificacion) 
values(nextval('color_id_seq'),'Vinotinto','Activo','2017-01-01 16:00:00','2017-01-01 16:00:00');
insert into color (id,descripcion,estatus,fechacreacion,fechamodificacion) 
values(nextval('color_id_seq'),'Amarillo','Activo','2017-01-01 16:00:00','2017-01-01 16:00:00');
insert into color (id,descripcion,estatus,fechacreacion,fechamodificacion) 
values(nextval('color_id_seq'),'Verde','Activo','2017-01-01 16:00:00','2017-01-01 16:00:00');
insert into color (id,descripcion,estatus,fechacreacion,fechamodificacion) 
values(nextval('color_id_seq'),'Dorado','Activo','2017-01-01 16:00:00','2017-01-01 16:00:00');

---TIPO COMBUSTIBLE---

insert into tipocombustible (id,descripcion,estatus,fechacreacion,fechamodificacion) 
values(nextval('tipocombustible_id_seq'),'Sin plomo','Activo','2017-01-01 16:00:00','2017-01-01 16:00:00');
insert into tipocombustible (id,descripcion,estatus,fechacreacion,fechamodificacion) 
values(nextval('tipocombustible_id_seq'),'Con plomo','Activo','2017-01-01 16:00:00','2017-01-01 16:00:00');
insert into tipocombustible (id,descripcion,estatus,fechacreacion,fechamodificacion) 
values(nextval('tipocombustible_id_seq'),'Mediano','Activo','2017-01-01 16:00:00','2017-01-01 16:00:00');
insert into tipocombustible (id,descripcion,estatus,fechacreacion,fechamodificacion) 
values(nextval('tipocombustible_id_seq'),'Marino','Activo','2017-01-01 16:00:00','2017-01-01 16:00:00');

---COMBUSTIBLE---

insert into combustible (id,descripcion,estatus,fechacreacion,fechamodificacion,idtipocombustible) 
values(nextval('combustible_id_seq'),'Gasolina sin plomo','Activo','2017-01-01 16:00:00','2017-01-01 16:00:00',1);
insert into combustible (id,descripcion,estatus,fechacreacion,fechamodificacion,idtipocombustible) 
values(nextval('combustible_id_seq'),'Gasolina con plomo','Activo','2017-01-01 16:00:00','2017-01-01 16:00:00',2);
insert into combustible (id,descripcion,estatus,fechacreacion,fechamodificacion,idtipocombustible) 
values(nextval('combustible_id_seq'),'Diesel','Activo','2017-01-01 16:00:00','2017-01-01 16:00:00',3);
insert into combustible (id,descripcion,estatus,fechacreacion,fechamodificacion,idtipocombustible) 
values(nextval('combustible_id_seq'),'Diesel','Activo','2017-01-01 16:00:00','2017-01-01 16:00:00',4);

---GROSOR ACEITE---

insert into grosoraceite (id,descripcion,estatus,fechacreacion,fechamodificacion) 
values(nextval('grosoraceite_id_seq'),'5W30','Activo','2017-01-01 16:00:00','2017-01-01 16:00:00');
insert into grosoraceite (id,descripcion,estatus,fechacreacion,fechamodificacion) 
values(nextval('grosoraceite_id_seq'),'5W40','Activo','2017-01-01 16:00:00','2017-01-01 16:00:00');
insert into grosoraceite (id,descripcion,estatus,fechacreacion,fechamodificacion) 
values(nextval('grosoraceite_id_seq'),'5W50','Activo','2017-01-01 16:00:00','2017-01-01 16:00:00');
insert into grosoraceite (id,descripcion,estatus,fechacreacion,fechamodificacion) 
values(nextval('grosoraceite_id_seq'),'10w40','Activo','2017-01-01 16:00:00','2017-01-01 16:00:00');
insert into grosoraceite (id,descripcion,estatus,fechacreacion,fechamodificacion) 
values(nextval('grosoraceite_id_seq'),'15w40','Activo','2017-01-01 16:00:00','2017-01-01 16:00:00');
insert into grosoraceite (id,descripcion,estatus,fechacreacion,fechamodificacion) 
values(nextval('grosoraceite_id_seq'),'20w50','Activo','2017-01-01 16:00:00','2017-01-01 16:00:00');
insert into grosoraceite (id,descripcion,estatus,fechacreacion,fechamodificacion) 
values(nextval('grosoraceite_id_seq'),'25w60','Activo','2017-01-01 16:00:00','2017-01-01 16:00:00');

---TIPO REFRIGERANTE---

insert into tiporefrigerante (id,descripcion,estatus,fechacreacion,fechamodificacion) 
values(nextval('tiporefrigerante_id_seq'),'Refrigerante Anticorrosivo','Activo','2017-01-01 16:00:00','2017-01-01 16:00:00');
insert into tiporefrigerante (id,descripcion,estatus,fechacreacion,fechamodificacion) 
values(nextval('tiporefrigerante_id_seq'),'Anticongelante','Activo','2017-01-01 16:00:00','2017-01-01 16:00:00');
insert into tiporefrigerante (id,descripcion,estatus,fechacreacion,fechamodificacion) 
values(nextval('tiporefrigerante_id_seq'),'Agua Destilada o Desmineralizada','Activo','2017-01-01 16:00:00','2017-01-01 16:00:00');
insert into tiporefrigerante (id,descripcion,estatus,fechacreacion,fechamodificacion) 
values(nextval('tiporefrigerante_id_seq'),'Agua Verde','Activo','2017-01-01 16:00:00','2017-01-01 16:00:00');

---REFRIGERANTE---

insert into refrigerante (id,descripcion,estatus,fechacreacion,fechamodificacion, idtiporefrigerante) 
values(nextval('refrigerante_id_seq'),'Refrigerante Protector Antioxidante','Activo','2017-01-01 16:00:00','2017-01-01 16:00:00',1);
insert into refrigerante (id,descripcion,estatus,fechacreacion,fechamodificacion, idtiporefrigerante) 
values(nextval('refrigerante_id_seq'),'Refrigerante Mopar Antioxidante','Activo','2017-01-01 16:00:00','2017-01-01 16:00:00',1);
insert into refrigerante (id,descripcion,estatus,fechacreacion,fechamodificacion, idtiporefrigerante) 
values(nextval('refrigerante_id_seq'),'Refrigerante verde Anticorrosivo de Galón','Activo','2017-01-01 16:00:00','2017-01-01 16:00:00',1);
insert into refrigerante (id,descripcion,estatus,fechacreacion,fechamodificacion, idtiporefrigerante) 
values(nextval('refrigerante_id_seq'),'Refrigerante Anticorrosivo Deldxe verde','Activo','2017-01-01 16:00:00','2017-01-01 16:00:00',1);
insert into refrigerante (id,descripcion,estatus,fechacreacion,fechamodificacion, idtiporefrigerante) 
values(nextval('refrigerante_id_seq'),'Refrigerante  Anticorrosivo rojo ultracool-ultralub','Activo','2017-01-01 16:00:00','2017-01-01 16:00:00',1);
insert into refrigerante (id,descripcion,estatus,fechacreacion,fechamodificacion, idtiporefrigerante) 
values(nextval('refrigerante_id_seq'),'Refrigerante turbo Tx essential','Activo','2017-01-01 16:00:00','2017-01-01 16:00:00',1);
insert into refrigerante (id,descripcion,estatus,fechacreacion,fechamodificacion, idtiporefrigerante) 
values(nextval('refrigerante_id_seq'),'Refrigerante tosaka 50-50 rojo','Activo','2017-01-01 16:00:00','2017-01-01 16:00:00',1);
insert into refrigerante (id,descripcion,estatus,fechacreacion,fechamodificacion, idtiporefrigerante) 
values(nextval('refrigerante_id_seq'),'Refrigerante tempertone verde antioxidante','Activo','2017-01-01 16:00:00','2017-01-01 16:00:00',1);
insert into refrigerante (id,descripcion,estatus,fechacreacion,fechamodificacion, idtiporefrigerante) 
values(nextval('refrigerante_id_seq'),'Refrigerante speed cool','Activo','2017-01-01 16:00:00','2017-01-01 16:00:00',1);
insert into refrigerante (id,descripcion,estatus,fechacreacion,fechamodificacion, idtiporefrigerante) 
values(nextval('refrigerante_id_seq'),'Autotek W1010','Activo','2017-01-01 16:00:00','2017-01-01 16:00:00',2);
insert into refrigerante (id,descripcion,estatus,fechacreacion,fechamodificacion, idtiporefrigerante) 
values(nextval('refrigerante_id_seq'),'Ac Delco','Activo','2017-01-01 16:00:00','2017-01-01 16:00:00',2);
insert into refrigerante (id,descripcion,estatus,fechacreacion,fechamodificacion, idtiporefrigerante) 
values(nextval('refrigerante_id_seq'),'Prestone Dex-cool','Activo','2017-01-01 16:00:00','2017-01-01 16:00:00',2);
insert into refrigerante (id,descripcion,estatus,fechacreacion,fechamodificacion, idtiporefrigerante) 
values(nextval('refrigerante_id_seq'),'Repsol','Activo','2017-01-01 16:00:00','2017-01-01 16:00:00',2);
insert into refrigerante (id,descripcion,estatus,fechacreacion,fechamodificacion, idtiporefrigerante) 
values(nextval('refrigerante_id_seq'),'Sin minerales','Activo','2017-01-01 16:00:00','2017-01-01 16:00:00',3);
insert into refrigerante (id,descripcion,estatus,fechacreacion,fechamodificacion, idtiporefrigerante) 
values(nextval('refrigerante_id_seq'),'Vistony','Activo','2017-01-01 16:00:00','2017-01-01 16:00:00',4);
insert into refrigerante (id,descripcion,estatus,fechacreacion,fechamodificacion, idtiporefrigerante) 
values(nextval('refrigerante_id_seq'),'Lubristone Coolant','Activo','2017-01-01 16:00:00','2017-01-01 16:00:00',4);

---TIPO ACEITE---

insert into tipoaceite (id,descripcion,estatus,fechacreacion,fechamodificacion) 
values(nextval('tipoaceite_id_seq'),'sintetico','Activo','2017-01-01 16:00:00','2017-01-01 16:00:00');
insert into tipoaceite (id,descripcion,estatus,fechacreacion,fechamodificacion) 
values(nextval('tipoaceite_id_seq'),'semi-sintetico','Activo','2017-01-01 16:00:00','2017-01-01 16:00:00');
insert into tipoaceite (id,descripcion,estatus,fechacreacion,fechamodificacion) 
values(nextval('tipoaceite_id_seq'),'minerales','Activo','2017-01-01 16:00:00','2017-01-01 16:00:00');

---RECTIFICACION---

insert into rectificacion (id,descripcion,estatus,fechacreacion,fechamodificacion) 
values(nextval('rectificacion_id_seq'),'0.10','Activo','2017-01-01 16:00:00','2017-01-01 16:00:00');
insert into rectificacion (id,descripcion,estatus,fechacreacion,fechamodificacion) 
values(nextval('rectificacion_id_seq'),'0.20','Activo','2017-01-01 16:00:00','2017-01-01 16:00:00');
insert into rectificacion (id,descripcion,estatus,fechacreacion,fechamodificacion) 
values(nextval('rectificacion_id_seq'),'0.30','Activo','2017-01-01 16:00:00','2017-01-01 16:00:00');

---TIPO MOTOR---

insert into tipomotor (id,descripcion,estatus,fechacreacion,fechamodificacion) 
values(nextval('tipomotor_id_seq'),'Motor de Gasolina','Activo','2017-01-01 16:00:00','2017-01-01 16:00:00');
insert into tipomotor (id,descripcion,estatus,fechacreacion,fechamodificacion) 
values(nextval('tipomotor_id_seq'),'Motor Diésel','Activo','2017-01-01 16:00:00','2017-01-01 16:00:00');
insert into tipomotor (id,descripcion,estatus,fechacreacion,fechamodificacion) 
values(nextval('tipomotor_id_seq'),'Motor Eléctrico','Activo','2017-01-01 16:00:00','2017-01-01 16:00:00');

---MOTOR---

insert into motor (id,descripcion,estatus,fechacreacion,fechamodificacion,serial,idtipomotor) 
values(nextval('motor_id_seq'),'4 cilindros','Activo','2017-01-01 16:00:00','2017-01-01 16:00:00','2548554',1);
insert into motor (id,descripcion,estatus,fechacreacion,fechamodificacion,serial,idtipomotor) 
values(nextval('motor_id_seq'),'8 cilindros','Activo','2017-01-01 16:00:00','2017-01-01 16:00:00','bfrs1542',1);
insert into motor (id,descripcion,estatus,fechacreacion,fechamodificacion,serial,idtipomotor) 
values(nextval('motor_id_seq'),'Audi FSI','Activo','2017-01-01 16:00:00','2017-01-01 16:00:00','fr25458',1);
insert into motor (id,descripcion,estatus,fechacreacion,fechamodificacion,serial,idtipomotor) 
values(nextval('motor_id_seq'),'AFerrari V12','Activo','2017-01-01 16:00:00','2017-01-01 16:00:00','jfys5844',1);
insert into motor (id,descripcion,estatus,fechacreacion,fechamodificacion,serial,idtipomotor) 
values(nextval('motor_id_seq'),'Ferrari V8','Activo','2017-01-01 16:00:00','2017-01-01 16:00:00','kfe658',1);
insert into motor (id,descripcion,estatus,fechacreacion,fechamodificacion,serial,idtipomotor) 
values(nextval('motor_id_seq'),'Fiat Twin Air','Activo','2017-01-01 16:00:00','2017-01-01 16:00:00','kjyhh584',1);
insert into motor (id,descripcion,estatus,fechacreacion,fechamodificacion,serial,idtipomotor) 
values(nextval('motor_id_seq'),'Ford EcoBoost','Activo','2017-01-01 16:00:00','2017-01-01 16:00:00','rdef7847',1);
insert into motor (id,descripcion,estatus,fechacreacion,fechamodificacion,serial,idtipomotor) 
values(nextval('motor_id_seq'),'Honda IMA','Activo','2017-01-01 16:00:00','2017-01-01 16:00:00','ytrf4875',1);
insert into motor (id,descripcion,estatus,fechacreacion,fechamodificacion,serial,idtipomotor) 
values(nextval('motor_id_seq'),'Honda J series','Activo','2017-01-01 16:00:00','2017-01-01 16:00:00','kduhf55',1);
insert into motor (id,descripcion,estatus,fechacreacion,fechamodificacion,serial,idtipomotor) 
values(nextval('motor_id_seq'),'Honda VTEC','Activo','2017-01-01 16:00:00','2017-01-01 16:00:00','hdtau258',1);
insert into motor (id,descripcion,estatus,fechacreacion,fechamodificacion,serial,idtipomotor) 
values(nextval('motor_id_seq'),' Volkswagen TSI TwinCharger','Activo','2017-01-01 16:00:00','2017-01-01 16:00:00','jyt8475',1);
insert into motor (id,descripcion,estatus,fechacreacion,fechamodificacion,serial,idtipomotor) 
values(nextval('motor_id_seq'),'Volkswagen W8','Activo','2017-01-01 16:00:00','2017-01-01 16:00:00','drehs874',1);
insert into motor (id,descripcion,estatus,fechacreacion,fechamodificacion,serial,idtipomotor) 
values(nextval('motor_id_seq'),'3 Cilindros','Activo','2017-01-01 16:00:00','2017-01-01 16:00:00','dfrs874',2);

---USO--

insert into uso (id,descripcion,estatus,fechacreacion,fechamodificacion) 
values(nextval('uso_id_seq'),'Taxista','Activo','2017-01-01 16:00:00','2017-01-01 16:00:00');
insert into uso (id,descripcion,estatus,fechacreacion,fechamodificacion) 
values(nextval('uso_id_seq'),'Particular','Activo','2017-01-01 16:00:00','2017-01-01 16:00:00');
insert into uso (id,descripcion,estatus,fechacreacion,fechamodificacion) 
values(nextval('uso_id_seq'),'Transporte','Activo','2017-01-01 16:00:00','2017-01-01 16:00:00');
insert into uso (id,descripcion,estatus,fechacreacion,fechamodificacion) 
values(nextval('uso_id_seq'),'Escolta de Gandola','Activo','2017-01-01 16:00:00','2017-01-01 16:00:00');

---SERVICIO---

---CITA---

---VIAJE---

insert into viaje (id,descripcion,estatus,fechacreacion,fechamodificacion) 
values(nextval('viaje_id_seq'),'Medanos de Coro','Activo','2017-01-01 16:00:00','2017-01-01 16:00:00');
insert into viaje (id,descripcion,estatus,fechacreacion,fechamodificacion) 
values(nextval('viaje_id_seq'),'Playa Chichiriviche','Activo','2017-01-01 16:00:00','2017-01-01 16:00:00');
insert into viaje (id,descripcion,estatus,fechacreacion,fechamodificacion) 
values(nextval('viaje_id_seq'),'Cubiro','Activo','2017-01-01 16:00:00','2017-01-01 16:00:00');
insert into viaje (id,descripcion,estatus,fechacreacion,fechamodificacion) 
values(nextval('viaje_id_seq'),'Playa los Roques','Activo','2017-01-01 16:00:00','2017-01-01 16:00:00');
insert into viaje (id,descripcion,estatus,fechacreacion,fechamodificacion) 
values(nextval('viaje_id_seq'),'Parque Nacional Yacambu','Activo','2017-01-01 16:00:00','2017-01-01 16:00:00');
insert into viaje (id,descripcion,estatus,fechacreacion,fechamodificacion) 
values(nextval('viaje_id_seq'),'Merida','Activo','2017-01-01 16:00:00','2017-01-01 16:00:00');
insert into viaje (id,descripcion,estatus,fechacreacion,fechamodificacion) 
values(nextval('viaje_id_seq'),'Playa Choronì','Activo','2017-01-01 16:00:00','2017-01-01 16:00:00');

---ETAPA---

insert into etapa (id,descripcion,estatus,fechacreacion,fechamodificacion,tiempoestimadoejecucion,tiempomaximoejecucion) 
values(nextval('etapa_id_seq'),'En desarme','Activo','2017-03-02 16:00:00','2017-01-01 16:00:00',null,null);
insert into etapa (id,descripcion,estatus,fechacreacion,fechamodificacion,tiempoestimadoejecucion,tiempomaximoejecucion) 
values(nextval('etapa_id_seq'),'En sustitucion de pieza','Activo','2017-01-01 16:00:00','2017-01-01 16:00:00',null,null);
insert into etapa (id,descripcion,estatus,fechacreacion,fechamodificacion,tiempoestimadoejecucion,tiempomaximoejecucion) 
values(nextval('etapa_id_seq'),'En armado','Activo','2017-01-01 16:00:00','2017-01-01 16:00:00',null,null);
insert into etapa (id,descripcion,estatus,fechacreacion,fechamodificacion,tiempoestimadoejecucion,tiempomaximoejecucion) 
values(nextval('etapa_id_seq'),'Finalizado','Activo','2017-01-01 16:00:00','2017-01-01 16:00:00',null,null);

---MOTIVO---

insert into motivo (id,descripcion,estatus,fechacreacion,fechamodificacion) 
values(nextval('motivo_id_seq'),'No Presta el Servivio Solicitado','Activo','2017-01-01 16:00:00','2017-01-01 16:00:00');
insert into motivo (id,descripcion,estatus,fechacreacion,fechamodificacion) 
values(nextval('motivo_id_seq'),'Tecnologias o Herramientas No Disponible','Activo','2017-01-01 16:00:00','2017-01-01 16:00:00');
insert into motivo (id,descripcion,estatus,fechacreacion,fechamodificacion) 
values(nextval('motivo_id_seq'),'Marca de Vehiculo Que No Se Presta Servicio','Activo','2017-01-01 16:00:00','2017-01-01 16:00:00');
insert into motivo (id,descripcion,estatus,fechacreacion,fechamodificacion) 
values(nextval('motivo_id_seq'),'El Cliente No Acepto el Precio de Presupuesto','Activo','2017-01-01 16:00:00','2017-01-01 16:00:00');
insert into motivo (id,descripcion,estatus,fechacreacion,fechamodificacion) 
values(nextval('motivo_id_seq'),'No Se Encuentra Disponible el Servicio Solicitado','Activo','2017-01-01 16:00:00','2017-01-01 16:00:00');
insert into motivo (id,descripcion,estatus,fechacreacion,fechamodificacion) 
values(nextval('motivo_id_seq'),'El Taller Con Cuenta con Espacio Disponible En Pocos Dias','Activo','2017-01-01 16:00:00','2017-01-01 16:00:00');
insert into motivo (id,descripcion,estatus,fechacreacion,fechamodificacion) 
values(nextval('motivo_id_seq'),'El Cliente No Se Intereso en El Presupuesto Ofertado','Activo','2017-01-01 16:00:00','2017-01-01 16:00:00');
insert into motivo (id,descripcion,estatus,fechacreacion,fechamodificacion) 
values(nextval('motivo_id_seq'),'El Tiempo de Vigencia Excedido','Activo','2017-01-01 16:00:00','2017-01-01 16:00:00');
insert into motivo (id,descripcion,estatus,fechacreacion,fechamodificacion) 
values(nextval('motivo_id_seq'),'La Garantia No Cubre El Reclamo Realizado','Activo','2017-01-01 16:00:00','2017-01-01 16:00:00');
insert into motivo (id,descripcion,estatus,fechacreacion,fechamodificacion) 
values(nextval('motivo_id_seq'),'No Aplica El Reclamo, No Es Responsabilidad del Taller','Activo','2017-01-01 16:00:00','2017-01-01 16:00:00');
insert into motivo (id,descripcion,estatus,fechacreacion,fechamodificacion) 
values(nextval('motivo_id_seq'),'No Aplica El Reclamo, Servicio No Realizado en el Taller','Activo','2017-01-01 16:00:00','2017-01-01 16:00:00');

---TIPO GARANTIA---

insert into tipogarantia(id,estatus,fechacreacion,fechamodificacion,nombre) 
values(nextval('tipogarantia_id_seq'),'Activo','2017-03-02 16:00:00','2017-01-01 16:00:00','Repuesto');
insert into tipogarantia(id,estatus,fechacreacion,fechamodificacion,nombre) 
values(nextval('tipogarantia_id_seq'),'Activo','2017-03-02 16:00:00','2017-01-01 16:00:00','Mano de obra');

---GARANTIA---

insert into garantia(id,descripcion,estado,estatus,fechacreacion,fechamodificacion,tiempovigencia,idtipogarantia) 
values(nextval('garantia_id_seq'),'Garantia en servicio','Vigente','Activo','2017-03-02 16:00:00','2017-03-02 16:00:00',7,2);
insert into garantia(id,descripcion,estado,estatus,fechacreacion,fechamodificacion,tiempovigencia,idtipogarantia) 
values(nextval('garantia_id_seq'),'Garantia por servicio','Vigente','Activo','2017-03-02 16:00:00','2017-03-02 16:00:00',7,2);
insert into garantia(id,descripcion,estado,estatus,fechacreacion,fechamodificacion,tiempovigencia,idtipogarantia) 
values(nextval('garantia_id_seq'),'Garantia servicio','Vigente','Activo','2017-03-02 16:00:00','2017-03-02 16:00:00',7,2);
insert into garantia(id,descripcion,estado,estatus,fechacreacion,fechamodificacion,tiempovigencia,idtipogarantia) 
values(nextval('garantia_id_seq'),'Garantia','Vigente','Activo','2017-03-02 16:00:00','2017-03-02 16:00:00',7,2);
insert into garantia(id,descripcion,estado,estatus,fechacreacion,fechamodificacion,tiempovigencia,idtipogarantia) 
values(nextval('garantia_id_seq'),'Garantia en mano de obra','Vigente','Activo','2017-03-02 16:00:00','2017-03-02 16:00:00',7,2);

---TIPO RECLAMO---

insert into tiporeclamo(id,descripcion,estatus,fechacreacion,fechamodificacion) 
values(nextval('tiporeclamo_id_seq'),'Reclamo por repuesto dañado ','Activo','2017-03-02 16:00:00','2017-01-01 16:00:00');
insert into tiporeclamo(id,descripcion,estatus,fechacreacion,fechamodificacion) 
values(nextval('tiporeclamo_id_seq'),'Mano de obra inconclusa ','Activo','2017-03-02 16:00:00','2017-01-01 16:00:00');
insert into tiporeclamo(id,descripcion,estatus,fechacreacion,fechamodificacion) 
values(nextval('tiporeclamo_id_seq'),'Fallas que no presentaba antes de recibir el servicio ','Activo','2017-03-02 16:00:00','2017-01-01 16:00:00');

---TIPO EVENTUALIDAD---

insert into tipoeventualidad(id,descripcion,estatus,fechacreacion,fechamodificacion) 
values(nextval('tipoeventualidad_id_seq'),'Por el Cliente','Activo','2017-03-02 16:00:00','2017-01-01 16:00:00');
insert into tipoeventualidad(id,descripcion,estatus,fechacreacion,fechamodificacion) 
values(nextval('tipoeventualidad_id_seq'),'Por el Taller','Activo','2017-03-02 16:00:00','2017-01-01 16:00:00');

---EVENTUALIDAD---

insert into eventualidad(id,descripcion,estatus,fechacreacion,fechamodificacion,idtipoeventualidad) 
values(nextval('eventualidad_id_seq'),'El Cliente No Se Puede Presentar a La Cita el Dia Citado','Activo','2017-03-02 16:00:00','2017-01-01 16:00:00',1);
insert into eventualidad(id,descripcion,estatus,fechacreacion,fechamodificacion,idtipoeventualidad) 
values(nextval('eventualidad_id_seq'),'El Cliente No Se Presento el Dia de la Cita','Activo','2017-03-02 16:00:00','2017-01-01 16:00:00',1);
insert into eventualidad(id,descripcion,estatus,fechacreacion,fechamodificacion,idtipoeventualidad) 
values(nextval('eventualidad_id_seq'),'El Cliente Ya No Rerquiere el Servicio','Activo','2017-03-02 16:00:00','2017-01-01 16:00:00',1);
insert into eventualidad(id,descripcion,estatus,fechacreacion,fechamodificacion,idtipoeventualidad) 
values(nextval('eventualidad_id_seq'),'El Taller No Laborara el Dia Pautado','Activo','2017-03-02 16:00:00','2017-01-01 16:00:00',2);
insert into eventualidad(id,descripcion,estatus,fechacreacion,fechamodificacion,idtipoeventualidad) 
values(nextval('eventualidad_id_seq'),'No Se Encuentra Disponible el Servicio Solicitado en este Momento','Activo','2017-03-02 16:00:00','2017-01-01 16:00:00',2);
insert into eventualidad(id,descripcion,estatus,fechacreacion,fechamodificacion,idtipoeventualidad) 
values(nextval('eventualidad_id_seq'),'El Taller Con Cuenta con Espacio Disponible En Pocos Dias','Activo','2017-03-02 16:00:00','2017-01-01 16:00:00',2);
insert into eventualidad(id,descripcion,estatus,fechacreacion,fechamodificacion,idtipoeventualidad) 
values(nextval('eventualidad_id_seq'),'Tecnologias o Herramientas No Disponible Para Prestar el Servicio','Activo','2017-03-02 16:00:00','2017-01-01 16:00:00',2);
insert into eventualidad(id,descripcion,estatus,fechacreacion,fechamodificacion,idtipoeventualidad) 
values(nextval('eventualidad_id_seq'),'No se Encuentra Disponible el Personal Para Prestar el Servicio','Activo','2017-03-02 16:00:00','2017-01-01 16:00:00',2);